Index,Sample,SiteN,Site,Sitecode,Spp,Date,Month,Year,Collector,Al,As,Ca,Cl,Cu,Fe,K,Mg,Mn,Mo,P,Pb,Rb,S,Si,Sr,Th,U,V,Zn
680,Sarg-19,8,Xcalak,Xc,Snat I,03/05/2019,May,2019,NCT,317.67,93.66,41913.07,9628.67,17.93,2.10,21249.49,9309.87,95.34,0.80,259.61,3.30,40.77,21170.27,2789.42,2425.24,7.94,38.96,2.10,3.50
681,Sarg-19,8,Xcalak,Xc,Snat I,03/05/2019,May,2019,NCT,99.00,95.36,44309.52,10602.91,9.50,2.10,21674.68,9413.41,112.71,0.80,261.59,4.62,41.51,21676.69,2800.17,2413.75,7.59,37.70,2.10,3.50
682,Sarg-19,8,Xcalak,Xc,Snat I,03/05/2019,May,2019,NCT,99.00,98.45,40577.78,7734.64,16.45,2.10,21646.94,2061.60,94.97,0.80,289.83,2.70,39.23,21418.41,3228.37,2378.71,8.35,38.96,2.10,3.50
683,Sarg-19,8,Xcalak,Xc,Snat I,03/05/2019,May,2019,NCT,195.43,93.25,51953.43,10058.14,12.73,2.10,19102.25,21068.63,109.37,0.80,262.12,2.33,39.17,19057.90,2602.44,2227.23,7.30,36.08,2.10,3.50
684,Sarg-19,8,Xcalak,Xc,Snat I,03/05/2019,May,2019,NCT,610.50,101.43,60453.37,11615.08,9.80,2.10,19328.78,14091.83,94.59,0.80,275.27,2.39,40.22,18937.03,2286.41,2208.33,7.42,37.56,2.10,3.50
685,Sarg-21,5,Mahahual,Mh,Sflu III,18/05/2019,May,2019,NCT,243.50,37.72,58649.13,12596.56,4.20,2.10,19652.70,13426.22,75.67,0.80,237.89,1.40,49.41,16364.75,2696.55,2014.37,10.40,39.59,5.70,3.50
686,Sarg-21,5,Mahahual,Mh,Sflu III,18/05/2019,May,2019,NCT,322.34,40.92,60326.65,10507.31,4.20,2.10,19383.22,12324.60,82.79,0.80,250.92,2.63,55.01,17809.15,3037.64,2117.65,11.20,36.48,6.38,3.50
687,Sarg-21,5,Mahahual,Mh,Sflu III,18/05/2019,May,2019,NCT,307.45,43.18,71431.89,11321.89,4.20,2.10,19568.15,6717.18,81.39,0.80,262.94,3.90,55.64,18186.17,2877.34,2026.37,9.55,33.57,10.34,3.50
688,Sarg-21,5,Mahahual,Mh,Sflu III,18/05/2019,May,2019,NCT,436.88,44.28,72312.29,10598.26,4.20,2.10,18939.93,18366.44,65.55,0.80,264.74,3.06,53.38,16784.84,2862.74,2167.52,10.13,32.28,7.18,3.50
689,Sarg-21,5,Mahahual,Mh,Sflu III,18/05/2019,May,2019,NCT,230.87,41.00,62341.12,11284.96,4.20,2.10,20579.62,7362.87,71.45,0.80,255.99,4.05,55.67,17895.56,2937.44,2170.90,10.85,33.54,4.39,3.50
690,Sarg-29,6,Chinchorro,Ch,Snat I,24/05/2019,May,2019,NCT,333.67,36.59,97632.00,5922.21,13.68,2.10,12066.52,17318.90,92.00,0.80,269.70,3.61,40.06,16027.60,3089.23,2100.33,7.87,27.56,4.59,13.71
691,Sarg-29,6,Chinchorro,Ch,Snat I,24/05/2019,May,2019,NCT,99.00,36.91,98764.91,6283.72,19.00,2.10,11965.42,17381.76,87.23,0.80,274.05,3.15,42.69,15112.22,2637.92,2136.37,8.07,30.72,2.10,10.01
692,Sarg-29,6,Chinchorro,Ch,Snat I,24/05/2019,May,2019,NCT,140.21,30.86,80647.28,5736.13,7.71,2.10,10273.52,2061.60,62.39,0.80,238.85,1.40,30.59,12738.02,2154.15,1651.60,5.90,33.22,2.10,5.72
693,Sarg-29,6,Chinchorro,Ch,Snat I,24/05/2019,May,2019,NCT,530.93,37.32,86921.59,7108.54,9.45,2.10,13546.53,9847.22,87.71,0.80,274.59,3.10,44.49,17425.24,2483.19,2147.74,7.71,30.04,2.10,12.40
694,Sarg-29,6,Chinchorro,Ch,Snat I,24/05/2019,May,2019,NCT,549.98,35.08,112777.43,5674.25,17.27,2.10,11097.82,12631.07,82.25,0.80,279.96,5.08,42.61,14696.92,2654.38,2089.84,7.31,26.84,2.10,9.98
695,Sarg-34,7,Xahuayxol,Xa,Sflu III,01/06/2019,Jun,2019,NCT,99.00,41.75,60395.25,30838.20,4.20,2.10,15298.39,6255.95,53.08,0.80,277.15,5.07,59.16,17935.73,2434.86,2001.16,10.09,23.65,2.10,3.50
696,Sarg-34,7,Xahuayxol,Xa,Sflu III,01/06/2019,Jun,2019,NCT,412.65,43.90,62653.25,34476.25,38.13,2.10,15813.13,7568.98,74.02,0.80,289.70,3.33,60.13,17629.42,2784.48,1901.75,9.74,31.06,2.10,3.50
697,Sarg-34,7,Xahuayxol,Xa,Sflu III,01/06/2019,Jun,2019,NCT,99.00,38.89,56711.14,35070.34,4.20,2.10,15219.92,2061.60,66.91,0.80,266.35,1.40,62.41,15886.72,2127.90,1802.96,10.70,27.57,2.10,3.50
698,Sarg-34,7,Xahuayxol,Xa,Sflu III,01/06/2019,Jun,2019,NCT,252.65,44.22,62034.66,36886.28,4.20,2.10,16187.14,2061.60,78.14,0.80,289.91,5.01,61.63,18669.27,2406.69,1896.51,10.26,19.56,2.10,3.50
699,Sarg-34,7,Xahuayxol,Xa,Sflu III,01/06/2019,Jun,2019,NCT,99.00,16.95,33328.08,20072.25,4.20,2.10,8406.38,6158.96,50.50,0.80,179.96,1.40,23.72,9986.52,1542.51,722.16,5.37,19.89,2.10,13.38
700,Sarg-60,3,Puerto Morelos,PM,Snat VIII,20/02/2019,Feb,2019,MG,948.63,157.11,75848.53,47963.65,4.20,2.10,35238.16,16875.15,69.44,0.80,301.42,2.78,78.07,17448.06,1476.66,1735.68,8.45,12.08,4.65,3.50
701,Sarg-60,3,Puerto Morelos,PM,Snat VIII,20/02/2019,Feb,2019,MG,491.62,145.44,73696.69,49283.00,4.20,2.10,35466.91,14589.26,65.06,0.80,291.69,2.83,68.66,15459.38,1132.65,1616.94,6.31,14.89,2.10,3.50
702,Sarg-60,3,Puerto Morelos,PM,Snat VIII,20/02/2019,Feb,2019,MG,290.12,120.37,71758.98,47747.03,4.20,2.10,35533.73,7706.32,53.46,0.80,302.75,2.69,75.61,16375.56,1393.18,1717.90,8.31,15.93,2.10,3.50
703,Sarg-60,3,Puerto Morelos,PM,Snat VIII,20/02/2019,Feb,2019,MG,99.00,139.28,93859.84,43826.91,4.20,2.10,32186.80,13661.93,51.49,0.80,325.42,1.40,79.44,14870.21,1664.27,1677.84,11.62,15.60,2.10,3.50
704,Sarg-60,3,Puerto Morelos,PM,Snat VIII,20/02/2019,Feb,2019,MG,99.00,152.61,78168.42,47708.24,4.20,2.10,35273.76,7012.65,69.88,0.80,320.30,3.00,76.93,16693.61,1534.62,1734.09,10.15,16.60,2.10,3.50
710,Sarg-65,1,Contoy Is,CI,Sarg sp,17/03/2019,Mar,2019,MG,99.00,132.98,68194.41,30517.43,4.20,2.10,36194.71,13188.86,65.72,0.80,318.82,1.40,56.63,19300.80,1498.60,2018.78,10.02,16.13,2.10,3.50
711,Sarg-65,1,Contoy Is,CI,Sarg sp,17/03/2019,Mar,2019,MG,99.00,143.09,66122.92,24055.65,4.20,2.10,34325.62,10941.29,72.86,0.80,323.15,1.40,57.96,20409.25,1546.83,2024.96,7.67,15.41,2.10,3.50
712,Sarg-65,1,Contoy Is,CI,Sarg sp,17/03/2019,Mar,2019,MG,99.00,133.76,63432.68,25974.73,4.20,2.10,32857.78,2061.60,61.17,0.80,324.02,1.40,52.68,17830.22,1495.16,1831.95,7.20,23.79,2.10,3.50
713,Sarg-65,1,Contoy Is,CI,Sarg sp,17/03/2019,Mar,2019,MG,99.00,157.88,59318.91,30750.94,4.20,2.10,36315.16,7473.72,61.36,0.80,333.24,1.40,62.14,25515.74,1523.63,2074.24,9.64,18.28,2.10,3.50
714,Sarg-65,1,Contoy Is,CI,Sarg sp,17/03/2019,Mar,2019,MG,301.90,142.28,71632.88,33629.15,4.20,2.10,36913.42,20428.98,60.93,0.80,317.95,1.40,54.66,19867.01,1380.32,2001.66,6.73,15.43,2.10,3.50
715,Sarg-71,1,Contoy Is,CI,Sarg sp,16/03/2019,Mar,2019,MG,99.00,32.70,63223.46,15851.20,4.20,2.10,12673.71,4266.26,72.01,6.67,333.41,1.40,32.99,25013.32,2281.07,2118.70,7.71,27.30,2.10,15.49
716,Sarg-71,1,Contoy Is,CI,Sarg sp,16/03/2019,Mar,2019,MG,308.39,28.46,69043.92,15798.82,4.20,2.10,12308.86,15097.77,44.03,4.61,328.81,1.40,29.94,21727.28,2125.24,1725.38,5.07,21.82,2.10,6.31
717,Sarg-71,1,Contoy Is,CI,Sarg sp,16/03/2019,Mar,2019,MG,99.00,34.04,63308.62,16828.77,4.20,2.10,13066.26,9397.64,57.94,6.00,334.98,1.40,35.75,23543.76,2037.22,2094.39,6.98,27.19,2.10,7.73
718,Sarg-71,1,Contoy Is,CI,Sarg sp,16/03/2019,Mar,2019,MG,99.00,32.97,75429.82,19933.33,4.20,2.10,13765.64,11658.94,64.34,7.37,370.23,1.40,37.06,25724.83,2276.19,1960.02,6.57,20.31,2.10,20.47
719,Sarg-71,1,Contoy Is,CI,Sarg sp,16/03/2019,Mar,2019,MG,99.00,31.97,65943.65,16621.01,4.20,2.10,12335.61,8247.56,62.37,3.57,315.61,1.40,33.20,23463.41,2139.73,2118.11,6.83,29.84,2.10,6.53
720,Sarg-75,3,Puerto Morelos,PM,Snat I,27/04/2019,Mar,2019,MG,99.00,194.45,41709.17,49712.96,4.20,2.10,37512.26,2061.60,84.93,0.80,277.10,1.40,66.47,19819.17,1200.24,1787.58,8.63,17.45,2.10,3.50
721,Sarg-75,3,Puerto Morelos,PM,Snat I,27/04/2019,Mar,2019,MG,346.77,163.50,45285.47,42181.91,4.20,2.10,33195.51,10900.49,71.38,0.80,298.60,1.40,65.04,19898.91,1516.91,1759.02,7.55,22.52,2.10,3.50
722,Sarg-75,3,Puerto Morelos,PM,Snat I,27/04/2019,Mar,2019,MG,99.00,171.98,53088.18,45355.03,4.20,2.10,30546.75,12949.02,56.54,0.80,273.04,1.40,59.80,16924.40,1405.12,1592.73,6.94,24.61,2.10,3.50
723,Sarg-75,3,Puerto Morelos,PM,Snat I,27/04/2019,Mar,2019,MG,99.00,196.36,49635.85,46105.33,4.20,2.10,35718.88,13956.20,86.75,0.80,297.24,1.40,65.79,19555.18,1353.16,1767.58,6.95,18.80,2.10,3.50
724,Sarg-75,3,Puerto Morelos,PM,Snat I,27/04/2019,Mar,2019,MG,527.01,157.22,51431.63,42478.15,4.20,2.10,28618.47,13261.55,65.92,0.80,268.62,1.40,54.62,15538.47,1357.34,1463.33,5.83,25.95,2.10,3.50
725,Sarg-14,7,Xahuayxol,Xa,Snat I,06/04/2019,Apr,2019,NCT,218.92,46.37,111669.41,877.57,4.20,2.10,2450.70,3035.54,110.63,0.80,331.29,1.40,50.42,13474.92,2102.08,2564.14,11.77,34.31,5.64,13.82
726,Sarg-14,7,Xahuayxol,Xa,Snat I,06/04/2019,Apr,2019,NCT,205.89,46.22,106066.19,1005.27,4.20,2.10,2831.41,2286.15,113.46,0.80,332.53,1.40,48.79,14635.00,2218.85,2545.18,10.77,40.22,6.20,9.61
727,Sarg-14,7,Xahuayxol,Xa,Snat I,06/04/2019,Apr,2019,NCT,254.63,46.52,111812.03,891.86,4.20,2.10,2391.82,10592.27,103.53,0.80,340.96,1.40,50.32,14048.91,2201.44,2573.88,11.86,39.27,2.10,15.78
728,Sarg-14,7,Xahuayxol,Xa,Snat I,06/04/2019,Apr,2019,NCT,99.00,44.37,106896.23,870.65,4.20,2.10,2595.46,7952.82,109.44,0.80,342.60,1.40,45.43,14383.22,2283.74,2567.98,10.19,44.77,2.10,12.76
729,Sarg-14,7,Xahuayxol,Xa,Snat I,06/04/2019,Apr,2019,NCT,99.00,40.21,101809.12,765.66,4.20,2.10,2122.60,2061.60,96.19,0.80,308.12,1.40,41.34,13671.44,1965.59,2244.79,9.61,41.80,6.21,10.87
730,Sarg-15,8,Xcalak,Xc,Snat I,03/05/2019,May,2019,NCT,200.72,35.40,136146.31,5922.96,4.20,2.10,4608.41,7626.13,79.69,3.25,366.05,1.40,34.38,12247.35,2358.14,2353.33,6.00,19.85,2.10,3.50
731,Sarg-15,8,Xcalak,Xc,Snat I,03/05/2019,May,2019,NCT,191.08,27.60,91781.37,5202.53,4.20,2.10,4725.84,9158.21,59.97,0.80,308.10,1.40,22.54,11586.55,1795.28,1834.55,3.87,30.75,2.10,3.50
732,Sarg-15,8,Xcalak,Xc,Snat I,03/05/2019,May,2019,NCT,99.00,35.12,131291.18,6190.48,4.20,2.10,4594.89,6766.76,79.24,2.84,368.22,1.40,31.67,12627.59,2258.97,2289.16,5.99,22.05,2.10,3.50
733,Sarg-15,8,Xcalak,Xc,Snat I,03/05/2019,May,2019,NCT,230.29,34.72,143437.14,5128.40,4.20,2.10,3931.76,2061.60,50.72,4.11,382.41,1.40,32.44,11692.99,2262.25,2408.55,6.83,23.92,2.10,3.50
734,Sarg-15,8,Xcalak,Xc,Snat I,03/05/2019,May,2019,NCT,316.92,35.40,144022.70,5304.94,4.20,2.10,4189.74,4336.89,68.37,3.03,371.91,1.40,37.30,11630.25,2225.19,2325.26,7.31,19.32,5.55,6.84
737,Sarg-16,7,Xahuayxol,Xa,Sflu III,05/05/2019,May,2019,NCT,219.65,42.64,81083.13,25528.83,4.20,2.10,12936.53,4818.64,77.86,0.80,354.86,1.40,59.47,13211.62,1868.39,1974.29,10.99,20.36,4.40,3.50
738,Sarg-16,7,Xahuayxol,Xa,Sflu III,05/05/2019,May,2019,NCT,99.00,37.13,62139.81,23164.59,4.20,2.10,12224.23,2061.60,65.39,0.80,308.40,1.40,50.41,12219.04,1716.10,1696.22,9.50,30.18,4.71,3.50
739,Sarg-16,7,Xahuayxol,Xa,Sflu III,05/05/2019,May,2019,NCT,99.00,43.30,65576.72,29815.63,4.20,2.10,14448.10,2061.60,57.79,0.80,345.72,1.40,62.76,13421.86,1977.48,1968.80,10.99,24.56,2.10,3.50
740,Sarg-16,7,Xahuayxol,Xa,Sflu III,05/05/2019,May,2019,NCT,99.00,43.71,72980.10,29354.48,4.20,2.10,14294.99,2061.60,58.92,0.80,355.82,1.40,60.42,14055.83,1862.97,2005.81,11.02,21.18,2.10,3.50
741,Sarg-16,7,Xahuayxol,Xa,Sflu III,05/05/2019,May,2019,NCT,733.09,37.79,64807.42,24140.36,4.20,2.10,12213.84,12166.75,55.49,0.80,295.38,1.40,51.81,12487.59,1609.60,1683.75,10.10,32.08,2.10,3.50
742,Sarg-17,8,Xcalak,Xc,Sflu III,03/05/2019,May,2019,NCT,99.00,59.94,104191.58,5729.10,4.20,2.10,14403.62,4706.63,79.45,7.14,361.81,1.40,36.07,15065.41,2457.55,2232.95,7.33,17.52,2.10,3.50
743,Sarg-17,8,Xcalak,Xc,Sflu III,03/05/2019,May,2019,NCT,283.89,58.13,85915.19,3792.03,4.20,2.10,14434.09,7250.97,71.40,2.33,378.52,1.40,32.41,15985.69,2475.96,1935.61,3.74,29.59,5.52,3.50
744,Sarg-17,8,Xcalak,Xc,Sflu III,03/05/2019,May,2019,NCT,99.00,56.93,72777.18,4849.73,4.20,2.10,16597.13,5721.20,71.53,4.16,353.88,1.40,30.04,17886.72,2450.18,1971.32,6.02,24.95,2.10,3.50
745,Sarg-17,8,Xcalak,Xc,Sflu III,03/05/2019,May,2019,NCT,99.00,58.83,84985.66,3961.85,4.20,2.10,16066.03,4897.29,86.49,6.67,370.58,1.40,33.55,16396.73,2660.36,2126.91,5.55,19.97,2.10,3.50
746,Sarg-17,8,Xcalak,Xc,Sflu III,03/05/2019,May,2019,NCT,99.00,66.43,106826.24,5218.80,4.20,2.10,14939.82,5076.42,76.06,7.02,385.88,1.40,39.40,15698.48,2559.23,2181.89,5.69,14.51,2.10,3.50
747,Sarg-18,8,Xcalak,Xc,Sflu III,03/05/2019,May,2019,NCT,99.00,57.64,89027.38,15020.05,4.20,2.10,12779.58,5012.39,77.77,4.10,376.43,1.40,33.29,14620.55,1801.40,2095.63,5.64,19.12,2.10,3.50
748,Sarg-18,8,Xcalak,Xc,Sflu III,03/05/2019,May,2019,NCT,99.00,60.02,72836.15,18094.37,4.20,2.10,14349.90,14121.26,76.27,2.57,386.70,1.40,34.56,16858.53,1967.71,2289.37,6.57,28.51,5.59,3.50
749,Sarg-18,8,Xcalak,Xc,Sflu III,03/05/2019,May,2019,NCT,187.85,61.58,84270.76,16696.96,4.20,2.10,13570.25,3388.06,78.06,3.53,339.37,1.40,32.29,14386.10,1747.35,1977.74,6.23,24.37,2.10,3.50
750,Sarg-18,8,Xcalak,Xc,Sflu III,03/05/2019,May,2019,NCT,99.00,59.51,79829.49,16585.71,4.20,2.10,14087.39,2061.60,69.54,4.62,376.87,1.40,33.68,15798.02,1884.85,2171.07,5.69,20.06,2.10,3.50
751,Sarg-18,8,Xcalak,Xc,Sflu III,03/05/2019,May,2019,NCT,218.94,61.64,102601.78,14412.47,4.20,2.10,12061.99,3762.83,66.12,6.00,376.45,1.40,33.66,13610.46,1736.58,2036.73,6.15,17.77,2.10,3.50
752,Sarg-02,7,Xahuayxol,Xa,Sflu III,06/04/2019,Apr,2019,NCT,641.96,32.84,109881.05,1995.37,4.20,2.10,3837.38,7066.21,92.26,0.80,338.93,1.40,48.28,14344.30,2084.51,2409.77,11.15,32.72,14.02,12.53
753,Sarg-02,7,Xahuayxol,Xa,Sflu III,06/04/2019,Apr,2019,NCT,332.29,31.35,89040.18,1735.20,4.20,2.10,3253.78,4561.22,87.64,0.80,306.29,1.40,39.41,13591.15,2026.40,2100.20,9.78,43.32,10.05,12.08
754,Sarg-02,7,Xahuayxol,Xa,Sflu III,06/04/2019,Apr,2019,NCT,507.59,36.55,113691.36,1830.56,4.20,2.10,3496.26,2061.60,90.54,0.80,344.44,1.40,51.85,14671.43,2307.05,2324.54,11.08,34.52,12.58,17.65
755,Sarg-02,7,Xahuayxol,Xa,Sflu III,06/04/2019,Apr,2019,NCT,203.71,33.72,97169.62,1762.18,4.20,2.10,3619.90,2061.60,94.00,0.80,336.00,1.40,47.64,15482.29,2246.26,2316.15,9.62,39.23,14.84,13.73
756,Sarg-02,7,Xahuayxol,Xa,Sflu III,06/04/2019,Apr,2019,NCT,383.45,35.12,109659.01,2001.30,4.20,2.10,3853.88,2061.60,94.50,0.80,333.42,1.40,50.80,14884.96,2215.87,2400.50,12.35,34.64,12.17,15.30
757,Sarg-20,5,Mahahual,Mh,Sflu III,18/05/2019,May,2019,NCT,408.24,60.98,82132.29,15527.40,4.20,2.10,21526.08,11673.56,73.00,0.80,338.59,1.40,77.79,13024.79,1969.11,1969.41,12.59,21.64,6.02,3.50
758,Sarg-20,5,Mahahual,Mh,Sflu III,18/05/2019,May,2019,NCT,99.00,59.41,80592.38,15398.98,4.20,2.10,21326.82,6429.97,79.96,0.80,324.10,1.40,73.31,12658.84,2119.09,1930.59,12.40,26.70,6.26,3.50
759,Sarg-20,5,Mahahual,Mh,Sflu III,18/05/2019,May,2019,NCT,321.44,59.66,81518.34,16297.64,4.20,2.10,22195.20,6484.57,63.69,0.80,338.44,1.40,70.84,13022.04,2201.35,1918.56,12.56,21.38,2.10,3.50
760,Sarg-20,5,Mahahual,Mh,Sflu III,18/05/2019,May,2019,NCT,426.35,59.13,79732.98,15027.85,4.20,2.10,21305.94,5790.36,63.97,0.80,338.57,1.40,79.68,13215.61,2156.94,1938.65,13.64,22.56,5.11,3.50
761,Sarg-20,5,Mahahual,Mh,Sflu III,18/05/2019,May,2019,NCT,99.00,57.47,67680.23,16723.72,4.20,2.10,22286.06,22202.25,73.16,0.80,315.18,1.40,68.08,13323.50,2087.81,1828.58,11.75,25.42,2.10,3.50
766,Sarg-22,5,Mahahual,Mh,Sflu III,18/05/2019,May,2019,NCT,99.00,47.41,77152.80,7873.65,4.20,2.10,17252.52,2061.60,78.07,0.80,330.55,1.40,63.49,13480.09,2423.15,2146.35,13.67,27.94,5.05,3.50
767,Sarg-22,5,Mahahual,Mh,Sflu III,18/05/2019,May,2019,NCT,222.59,43.00,64390.98,7101.55,4.20,2.10,16650.72,4722.14,95.21,0.80,313.98,1.40,56.28,12956.95,2155.56,2132.27,11.27,38.25,7.25,3.50
768,Sarg-22,5,Mahahual,Mh,Sflu III,18/05/2019,May,2019,NCT,399.12,44.52,83486.12,8584.89,4.20,2.10,16683.69,7358.81,81.81,0.80,333.07,1.40,60.56,13051.10,2345.24,2132.98,11.65,29.04,5.35,3.50
769,Sarg-22,5,Mahahual,Mh,Sflu III,18/05/2019,May,2019,NCT,391.62,43.32,64764.01,8484.72,4.20,2.10,18179.64,5999.82,76.59,0.80,311.76,1.40,57.36,14106.95,2009.82,2054.81,12.05,33.89,6.12,3.50
770,Sarg-22,5,Mahahual,Mh,Sflu III,18/05/2019,May,2019,NCT,583.77,45.80,77110.06,7979.21,4.20,2.10,17485.64,6609.59,95.30,0.80,344.80,1.40,62.98,13613.27,2396.25,2142.10,12.96,29.53,5.64,3.50
771,Sarg-23,5,Mahahual,Mh,Sflu III,18/05/2019,May,2019,NCT,188.92,58.68,93931.81,13264.80,4.20,5.13,19666.09,6843.51,77.75,0.80,349.86,1.40,63.59,12637.99,2511.24,1936.96,11.83,21.86,5.64,3.50
772,Sarg-23,5,Mahahual,Mh,Sflu III,18/05/2019,May,2019,NCT,99.00,48.84,65194.08,12112.26,4.20,2.10,18330.33,16774.04,50.79,0.80,284.41,1.40,48.27,11450.15,1925.00,1535.03,10.09,32.03,5.92,3.50
773,Sarg-23,5,Mahahual,Mh,Sflu III,18/05/2019,May,2019,NCT,421.58,61.41,88666.41,14156.69,4.20,2.10,20710.05,2061.60,69.37,0.80,342.98,1.40,61.59,12938.31,2302.00,1922.47,11.58,20.46,6.23,3.50
774,Sarg-23,5,Mahahual,Mh,Sflu III,18/05/2019,May,2019,NCT,314.20,61.28,89859.14,13555.13,4.20,2.10,20243.49,7185.43,77.49,0.80,342.60,1.40,66.60,12505.85,2376.93,1941.89,11.75,24.50,6.18,3.50
775,Sarg-23,5,Mahahual,Mh,Sflu III,18/05/2019,May,2019,NCT,503.44,58.45,100870.62,11764.51,4.20,2.10,18635.10,12944.07,72.96,0.80,343.60,1.40,63.27,12586.22,2360.13,1939.22,11.17,20.65,2.10,3.50
776,Sarg-24,5,Mahahual,Mh,Snat I,18/05/2019,May,2019,NCT,99.00,41.45,92192.47,7677.76,4.20,8.55,14877.17,2830.23,106.12,0.80,324.57,1.40,66.14,11639.06,2460.18,2002.82,12.61,27.90,5.65,3.50
777,Sarg-24,5,Mahahual,Mh,Snat I,18/05/2019,May,2019,NCT,198.35,42.47,77281.16,7862.59,4.20,2.10,16342.94,5958.78,93.76,0.80,316.95,1.40,62.18,12670.07,2300.54,1984.95,13.23,29.70,4.91,3.50
778,Sarg-24,5,Mahahual,Mh,Snat I,18/05/2019,May,2019,NCT,440.18,42.05,74789.11,7872.43,4.20,8.72,16283.94,3143.41,93.02,0.80,315.73,1.40,64.77,12665.93,2570.66,2024.81,12.42,32.10,4.41,3.50
779,Sarg-24,5,Mahahual,Mh,Snat I,18/05/2019,May,2019,NCT,454.73,44.84,77211.68,8122.09,4.20,6.92,16446.75,4229.14,96.49,0.80,316.32,1.40,62.28,12783.16,2139.36,1999.80,12.61,30.77,4.17,3.50
780,Sarg-24,5,Mahahual,Mh,Snat I,18/05/2019,May,2019,NCT,437.19,41.47,92528.55,8402.18,4.20,8.16,15106.87,2061.60,96.05,0.80,325.11,1.40,60.80,11399.21,2484.49,1925.92,11.68,29.41,6.42,3.50
781,Sarg-25,5,Mahahual,Mh,Snat I,18/05/2019,May,2019,NCT,551.27,42.07,121565.43,6751.41,4.20,4.22,12263.10,6795.59,93.68,0.80,340.51,1.40,55.14,9435.91,2199.70,1940.68,11.13,25.40,4.26,3.50
782,Sarg-25,5,Mahahual,Mh,Snat I,18/05/2019,May,2019,NCT,99.00,43.05,92076.48,7790.65,4.20,2.10,14951.82,8188.73,94.43,0.80,314.75,1.40,56.73,11432.05,2246.55,1935.48,10.21,27.88,5.48,3.50
783,Sarg-25,5,Mahahual,Mh,Snat I,18/05/2019,May,2019,NCT,99.00,39.70,122830.05,6435.92,4.20,2.10,11980.63,3271.85,90.13,0.80,330.14,1.40,55.39,9461.69,2345.90,1931.05,10.19,24.63,2.10,3.50
784,Sarg-25,5,Mahahual,Mh,Snat I,18/05/2019,May,2019,NCT,500.43,45.97,103780.70,6910.77,4.20,7.64,13678.98,12182.09,81.56,0.80,330.92,1.40,68.63,10291.18,2416.52,2010.78,11.83,26.65,4.48,3.50
785,Sarg-25,5,Mahahual,Mh,Snat I,18/05/2019,May,2019,NCT,759.30,39.45,124789.72,6729.83,4.20,4.75,12211.68,10137.21,93.51,0.80,340.55,1.40,54.62,9453.94,2373.68,1947.05,9.56,22.15,2.10,3.50
786,Sarg-26,5,Mahahual,Mh,Snat I,18/05/2019,May,2019,NCT,470.72,42.15,134267.92,6601.40,4.20,13.35,11399.45,10706.78,91.80,0.80,347.89,1.40,64.06,9307.87,2553.16,1850.37,10.94,19.07,4.81,3.50
787,Sarg-26,5,Mahahual,Mh,Snat I,18/05/2019,May,2019,NCT,516.99,42.98,131655.76,6830.36,4.20,9.68,11708.52,2778.87,88.49,0.80,351.89,1.40,66.39,9341.04,2482.85,1883.72,11.97,20.74,2.10,3.50
788,Sarg-26,5,Mahahual,Mh,Snat I,18/05/2019,May,2019,NCT,532.31,43.77,124746.29,7108.78,4.20,14.43,12999.53,5272.14,92.27,0.80,356.41,1.40,66.56,10359.49,2595.80,1865.02,13.72,20.65,5.35,3.50
789,Sarg-26,5,Mahahual,Mh,Snat I,18/05/2019,May,2019,NCT,574.48,42.37,123581.89,7620.94,4.20,11.11,12869.33,8051.33,86.98,0.80,355.81,1.40,67.46,9830.35,2496.26,1900.13,12.51,20.49,2.10,3.50
790,Sarg-26,5,Mahahual,Mh,Snat I,18/05/2019,May,2019,NCT,237.80,39.45,105529.74,7468.16,4.20,5.81,13123.81,2061.60,91.08,0.80,324.24,1.40,63.33,10166.37,2384.05,1731.41,10.15,22.23,2.10,3.50
791,Sarg-26,5,Mahahual,Mh,Snat I,18/05/2019,May,2019,NCT,418.27,43.64,136015.53,7061.40,4.20,12.49,11799.23,3846.96,86.53,0.80,354.00,1.40,63.51,9363.11,2670.11,1855.54,11.18,17.05,5.92,3.50
797,Sarg-03,8,Xcalak,Xc,Snat I,03/05/2019,May,2019,NCT,99.00,40.04,98413.52,6926.06,4.20,2.10,6563.97,2061.60,83.57,4.59,397.07,1.40,30.64,16340.56,2415.38,2259.03,7.04,22.63,2.10,3.50
798,Sarg-03,8,Xcalak,Xc,Snat I,03/05/2019,May,2019,NCT,99.00,31.74,85484.58,5539.50,4.20,2.10,5388.06,4458.09,57.06,0.80,350.42,1.40,21.84,14825.45,2125.24,1856.50,6.34,30.18,2.10,3.50
799,Sarg-03,8,Xcalak,Xc,Snat I,03/05/2019,May,2019,NCT,99.00,36.51,106714.23,8338.63,4.20,2.10,6262.63,7487.61,68.64,3.98,393.80,1.40,29.85,16186.34,2358.68,2239.04,5.96,20.26,2.10,3.50
800,Sarg-03,8,Xcalak,Xc,Snat I,03/05/2019,May,2019,NCT,381.20,35.93,84090.38,7772.58,4.20,2.10,6397.70,11604.66,72.41,4.12,382.11,1.40,29.41,17181.94,2310.65,1952.38,5.62,24.74,2.10,3.50
801,Sarg-03,8,Xcalak,Xc,Snat I,03/05/2019,May,2019,NCT,177.80,35.81,103677.53,7733.06,4.20,2.10,6369.19,6332.78,88.31,5.04,394.43,1.40,34.69,17309.03,2386.99,2209.43,7.29,19.49,2.10,3.50
802,Sarg-30,7,Xahuayxol,Xa,Snat I,01/06/2019,Jun,2019,NCT,553.98,30.46,131632.82,10074.05,4.20,2.10,6160.50,3997.62,56.76,0.80,352.99,1.40,41.98,9500.69,2384.32,1855.52,10.09,24.31,2.10,3.50
803,Sarg-30,7,Xahuayxol,Xa,Snat I,01/06/2019,Jun,2019,NCT,222.30,31.76,122909.50,10084.62,4.20,2.10,6575.42,6765.16,59.21,0.80,340.73,1.40,44.61,10395.30,2379.49,1835.93,10.51,26.14,2.10,3.50
804,Sarg-30,7,Xahuayxol,Xa,Snat I,01/06/2019,Jun,2019,NCT,174.67,32.82,106804.35,11227.13,4.20,3.42,7373.65,2061.60,56.89,0.80,345.99,1.40,46.00,10924.21,2359.57,1963.16,10.03,26.12,2.10,3.50
805,Sarg-30,7,Xahuayxol,Xa,Snat I,01/06/2019,Jun,2019,NCT,421.58,31.86,122810.79,10144.57,4.20,2.10,6547.73,11597.84,72.89,0.80,346.81,1.40,45.25,10163.73,2448.68,1902.12,9.42,25.24,2.10,3.50
806,Sarg-30,7,Xahuayxol,Xa,Snat I,01/06/2019,Jun,2019,NCT,193.90,31.61,129963.59,9809.34,4.20,2.10,6000.51,2061.60,57.01,0.80,342.28,1.40,42.68,9466.18,2383.41,1889.63,9.62,23.93,2.10,3.50
807,Sarg-31,7,Xahuayxol,Xa,Snat I,01/06/2019,Jun,2019,NCT,192.81,39.81,107034.67,10158.28,4.20,16.68,6964.28,6618.07,74.00,0.80,348.62,1.40,51.35,11261.06,2927.09,1904.62,11.49,25.80,2.10,3.50
808,Sarg-31,7,Xahuayxol,Xa,Snat I,01/06/2019,Jun,2019,NCT,170.23,39.85,115154.70,10079.47,4.20,3.71,6977.52,3932.73,62.52,0.80,363.02,1.40,52.65,10555.87,2918.05,1880.10,11.30,21.92,2.10,3.50
809,Sarg-31,7,Xahuayxol,Xa,Snat I,01/06/2019,Jun,2019,NCT,196.29,37.28,92991.53,11307.65,4.20,6.46,8312.04,7203.18,81.01,0.80,360.94,1.40,45.53,12509.67,2797.99,1815.39,8.77,28.46,2.10,3.50
810,Sarg-31,7,Xahuayxol,Xa,Snat I,01/06/2019,Jun,2019,NCT,99.00,38.32,81772.55,9832.69,4.20,2.10,7533.26,2482.82,71.72,0.80,330.25,1.40,52.86,11739.80,2467.06,1793.18,12.23,31.03,2.10,3.50
811,Sarg-31,7,Xahuayxol,Xa,Snat I,01/06/2019,Jun,2019,NCT,287.75,41.49,86569.72,11719.00,4.20,5.10,8594.40,9339.48,70.67,0.80,356.06,1.40,46.78,13104.24,2807.56,1833.42,9.39,25.95,2.10,3.50
812,Sarg-32,7,Xahuayxol,Xa,Snat I,01/06/2019,Jun,2019,NCT,767.21,37.38,133630.11,8790.23,4.20,8.39,5884.60,5359.40,49.66,0.80,358.53,1.40,48.55,9802.88,2921.83,1870.84,9.31,19.88,2.10,3.50
813,Sarg-32,7,Xahuayxol,Xa,Snat I,01/06/2019,Jun,2019,NCT,99.00,38.83,104327.13,10016.17,4.20,8.29,7183.77,6347.54,77.77,0.80,356.69,1.40,52.49,11159.48,2786.58,1813.49,10.98,24.65,2.10,3.50
814,Sarg-32,7,Xahuayxol,Xa,Snat I,01/06/2019,Jun,2019,NCT,99.00,40.49,112352.11,10379.83,4.20,12.31,7091.13,6155.67,72.26,0.80,359.35,1.40,53.48,11571.77,3063.11,1821.52,9.97,20.85,2.10,3.50
815,Sarg-32,7,Xahuayxol,Xa,Snat I,01/06/2019,Jun,2019,NCT,365.69,40.17,110148.71,9919.07,4.20,10.31,7133.48,7395.79,62.91,0.80,353.70,1.40,51.52,10915.86,2823.49,1895.05,10.18,24.79,2.10,3.50
816,Sarg-32,7,Xahuayxol,Xa,Snat I,01/06/2019,Jun,2019,NCT,342.40,37.17,107464.38,10112.67,4.20,11.73,7214.79,5787.86,59.63,0.80,354.43,1.40,52.90,10880.87,3247.24,1838.06,8.99,22.49,2.10,3.50
817,Sarg-33,7,Xahuayxol,Xa,Sflu III,01/06/2019,Jun,2019,NCT,99.00,44.92,63343.63,26847.82,4.20,2.10,14625.08,6657.33,63.40,0.80,370.88,1.40,63.45,14810.54,2214.59,1981.55,10.64,21.48,2.10,3.50
818,Sarg-33,7,Xahuayxol,Xa,Sflu III,01/06/2019,Jun,2019,NCT,99.00,38.04,67847.27,28481.85,4.20,2.10,13880.43,4231.45,65.99,0.80,360.15,1.40,55.17,13824.69,1870.62,1817.30,10.25,23.30,2.10,3.50
819,Sarg-33,7,Xahuayxol,Xa,Sflu III,01/06/2019,Jun,2019,NCT,99.00,47.67,79894.82,26070.10,4.20,2.10,13264.18,2061.60,56.81,0.80,354.61,1.40,62.12,13799.95,2134.46,1950.05,10.79,21.68,2.10,3.50
820,Sarg-33,7,Xahuayxol,Xa,Sflu III,01/06/2019,Jun,2019,NCT,99.00,41.19,66289.03,29081.09,4.20,2.10,14310.97,12465.98,51.22,0.80,361.31,1.40,60.20,14320.12,1954.86,1909.94,10.64,26.08,2.10,3.50
821,Sarg-33,7,Xahuayxol,Xa,Sflu III,01/06/2019,Jun,2019,NCT,267.85,46.37,72844.31,26457.97,4.20,2.10,13895.60,2061.60,78.28,0.80,366.93,1.40,59.66,14451.97,2300.49,1967.70,10.42,19.96,2.10,3.50
827,Sarg-35,7,Xahuayxol,Xa,Sflu III,01/06/2019,Jun,2019,NCT,99.00,36.79,90979.83,22786.22,26.27,2.10,11753.71,2061.60,58.59,0.80,366.66,1.40,53.20,11458.69,2201.64,1698.47,7.21,28.84,2.10,3.50
828,Sarg-35,7,Xahuayxol,Xa,Sflu III,01/06/2019,Jun,2019,NCT,99.00,40.02,105099.29,19189.35,4.20,2.10,10470.00,5014.93,50.24,0.80,344.34,1.40,52.58,11063.34,2034.75,1947.05,9.50,21.40,2.10,3.50
829,Sarg-35,7,Xahuayxol,Xa,Sflu III,01/06/2019,Jun,2019,NCT,99.00,44.56,120834.72,20624.47,4.20,2.10,10330.67,14266.50,46.48,0.80,342.53,1.40,54.09,10923.29,2204.36,2010.05,9.26,21.75,2.10,3.50
830,Sarg-35,7,Xahuayxol,Xa,Sflu III,01/06/2019,Jun,2019,NCT,463.35,43.98,102982.09,23153.22,4.20,2.10,11930.22,20847.07,60.65,0.80,348.86,1.40,53.48,12097.18,1904.19,1984.82,10.85,17.95,2.10,3.50
831,Sarg-35,7,Xahuayxol,Xa,Sflu III,01/06/2019,Jun,2019,NCT,298.14,39.85,128857.47,18774.03,4.20,2.10,9996.63,6389.63,64.43,0.80,369.77,1.40,52.86,11328.16,2139.91,2083.37,8.63,14.68,2.10,3.50
832,Sarg-43,3,Puerto Morelos,PM,Snat I,01/10/2018,Oct,2018,MG,168.49,96.43,60142.56,19174.94,4.20,2.10,22064.92,3411.24,147.44,0.80,329.64,1.40,41.31,12037.82,1284.61,1777.90,6.83,26.35,2.10,3.50
833,Sarg-43,3,Puerto Morelos,PM,Snat I,01/10/2018,Oct,2018,MG,396.77,87.38,64102.86,18906.16,4.20,2.10,20776.98,6191.88,131.96,0.80,325.00,1.40,39.57,12040.72,1343.31,1741.56,6.18,27.76,2.10,3.50
834,Sarg-43,3,Puerto Morelos,PM,Snat I,01/10/2018,Oct,2018,MG,99.00,9.28,77995.04,15969.95,4.20,2.10,17738.02,8668.06,130.63,0.80,334.04,1.40,40.17,11165.00,1585.79,1765.26,7.26,27.18,2.10,3.50
835,Sarg-43,3,Puerto Morelos,PM,Snat I,01/10/2018,Oct,2018,MG,99.00,90.24,57984.45,17474.10,4.20,2.10,19090.49,2061.60,138.63,0.80,313.54,1.40,35.51,11690.70,1399.28,1635.18,5.39,29.86,2.10,3.50
836,Sarg-43,3,Puerto Morelos,PM,Snat I,01/10/2018,Oct,2018,MG,246.56,94.74,73460.85,16759.16,4.20,2.10,18939.39,6944.03,154.99,0.80,322.72,1.40,40.67,11330.14,1621.59,1765.29,6.12,26.08,3.77,3.50
837,Sarg-44,3,Puerto Morelos,PM,Sflu III,01/11/2018,Oct,2018,MG,99.00,132.11,76590.36,25811.89,4.20,2.10,25690.70,2061.60,57.13,0.80,359.39,1.40,61.99,13296.69,1687.67,1795.04,9.62,16.22,2.10,3.50
838,Sarg-44,3,Puerto Morelos,PM,Sflu III,01/11/2018,Oct,2018,MG,295.62,128.84,74952.20,26941.62,4.20,2.10,26243.86,2061.60,63.87,0.80,363.14,1.40,65.82,13398.14,1663.63,1752.69,10.68,17.35,2.10,3.50
839,Sarg-44,3,Puerto Morelos,PM,Sflu III,01/11/2018,Oct,2018,MG,369.82,139.51,69509.58,28496.40,4.20,2.10,28874.12,9621.71,83.40,0.80,360.09,1.40,60.86,13530.62,1529.02,1785.77,8.39,13.93,2.10,3.50
840,Sarg-44,3,Puerto Morelos,PM,Sflu III,01/11/2018,Oct,2018,MG,225.00,134.32,76383.03,26571.27,4.20,2.10,26160.50,10114.43,82.65,0.80,373.81,1.40,67.23,13153.17,1726.23,1760.58,10.67,16.01,2.10,3.50
841,Sarg-44,3,Puerto Morelos,PM,Sflu III,01/11/2018,Oct,2018,MG,99.00,127.38,89768.16,24507.76,4.20,2.10,23466.05,8588.77,56.80,0.80,352.61,1.40,66.28,12770.85,1775.40,1834.67,8.43,14.96,2.10,3.50
842,Sarg-45,3,Puerto Morelos,PM,Snat VIII,01/10/2018,Oct,2018,MG,387.56,124.30,30820.07,33396.59,4.20,2.10,34452.20,8010.18,55.62,0.80,303.17,1.40,70.19,12448.59,1070.82,1677.76,9.32,24.78,2.10,3.50
843,Sarg-45,3,Puerto Morelos,PM,Snat VIII,01/10/2018,Oct,2018,MG,258.56,101.49,33122.58,29921.93,4.20,2.10,31796.31,2851.19,43.65,0.80,292.35,1.40,64.52,12263.45,880.20,1725.69,9.20,29.52,2.10,3.50
844,Sarg-45,3,Puerto Morelos,PM,Snat VIII,01/10/2018,Oct,2018,MG,300.59,115.44,34987.26,34827.42,4.20,2.10,35264.72,6628.65,48.75,0.80,311.26,1.40,67.87,12136.88,989.78,1683.50,9.90,25.48,2.10,3.50
845,Sarg-45,3,Puerto Morelos,PM,Snat VIII,01/10/2018,Oct,2018,MG,245.99,97.21,26286.18,30541.67,4.20,2.10,33128.04,9308.43,64.90,0.80,294.99,1.40,67.31,12482.72,853.44,1809.84,10.56,29.30,2.10,3.50
846,Sarg-45,3,Puerto Morelos,PM,Snat VIII,01/10/2018,Oct,2018,MG,254.19,99.53,31735.92,29860.64,4.20,2.10,32026.81,4209.12,63.83,0.80,310.24,1.40,65.01,12564.18,1181.98,1781.49,9.80,28.44,2.10,3.50
847,Sarg-46,3,Puerto Morelos,PM,Snat VIII,01/11/2018,Oct,2018,MG,99.00,121.26,43591.46,29224.00,4.20,2.10,28800.23,2061.60,75.34,0.80,336.19,1.40,63.78,12352.01,1097.55,1872.88,8.76,27.77,4.48,3.50
848,Sarg-46,3,Puerto Morelos,PM,Snat VIII,01/11/2018,Oct,2018,MG,195.28,126.79,44923.26,25810.39,4.20,2.10,26045.30,7793.34,89.99,0.80,338.43,1.40,61.40,13203.20,1296.71,1881.57,8.30,27.97,3.67,3.50
849,Sarg-46,3,Puerto Morelos,PM,Snat VIII,01/11/2018,Oct,2018,MG,99.00,116.85,45813.39,26564.10,4.20,2.10,27058.22,2061.60,73.81,0.80,329.71,1.40,60.52,12611.99,1167.34,1832.34,7.85,27.44,3.88,3.50
850,Sarg-46,3,Puerto Morelos,PM,Snat VIII,01/11/2018,Oct,2018,MG,99.00,124.43,45384.09,26016.60,4.20,2.10,26614.41,2061.60,86.35,0.80,342.00,1.40,62.71,13451.70,1123.14,1851.71,9.77,27.85,4.53,3.50
851,Sarg-46,3,Puerto Morelos,PM,Snat VIII,01/11/2018,Oct,2018,MG,99.00,89.15,40264.52,21570.61,4.20,2.10,21593.34,2061.60,68.86,0.80,280.30,1.40,50.61,10832.18,1092.36,1567.28,7.07,31.93,3.79,3.50
854,Sarg-47,3,Puerto Morelos,PM,Snat I,24/08/2018,Aug,2018,MG,99.00,68.64,37259.80,33649.02,4.20,2.10,27679.23,9752.94,127.56,0.80,333.97,1.40,50.84,13761.22,962.82,1722.62,6.66,24.00,2.10,3.50
855,Sarg-47,3,Puerto Morelos,PM,Snat I,24/08/2018,Aug,2018,MG,443.05,78.28,38299.52,34522.82,4.20,2.10,28136.58,2061.60,114.14,0.80,317.63,1.40,54.27,12603.58,957.62,1644.36,7.31,24.40,2.10,3.50
856,Sarg-47,3,Puerto Morelos,PM,Snat I,24/08/2018,Aug,2018,MG,99.00,67.90,33411.52,36552.09,4.20,2.10,28493.98,6537.37,93.03,0.80,286.73,1.40,46.85,11655.53,688.06,1490.39,6.87,26.45,2.10,3.50
857,Sarg-47,3,Puerto Morelos,PM,Snat I,24/08/2018,Aug,2018,MG,99.00,72.92,35632.25,34492.19,4.20,2.10,29685.38,8856.33,104.39,0.80,336.54,1.40,57.87,13385.16,901.31,1681.26,8.72,21.58,2.10,3.50
858,Sarg-47,3,Puerto Morelos,PM,Snat I,24/08/2018,Aug,2018,MG,99.00,72.61,39395.14,34163.52,4.20,2.10,27923.37,4043.98,103.56,0.80,335.75,1.40,52.39,12885.51,953.25,1671.29,6.18,22.45,2.10,3.50
859,Sarg-48,3,Puerto Morelos,PM,Sflu III,01/10/2018,Oct,2018,MG,216.83,172.09,77410.45,18606.73,4.20,2.10,19821.00,5216.07,63.03,0.80,339.50,1.40,57.05,14043.79,1742.51,1870.00,8.63,23.94,2.10,3.50
860,Sarg-48,3,Puerto Morelos,PM,Sflu III,01/10/2018,Oct,2018,MG,230.69,136.39,70467.15,17991.53,4.20,2.10,18216.97,8249.35,63.45,0.80,312.04,1.40,47.14,13262.26,1672.78,1680.99,7.47,29.25,2.10,3.50
861,Sarg-48,3,Puerto Morelos,PM,Sflu III,01/10/2018,Oct,2018,MG,99.00,155.19,77070.23,18232.19,4.20,2.10,19364.00,10812.13,77.98,0.80,338.65,1.40,61.72,13400.96,1785.66,1839.82,12.17,28.12,2.10,3.50
862,Sarg-48,3,Puerto Morelos,PM,Sflu III,01/10/2018,Oct,2018,MG,99.00,147.87,73995.38,18694.87,4.20,2.10,19743.57,11173.20,94.44,0.80,333.22,1.40,56.44,13393.95,2099.27,1875.96,10.61,28.05,2.10,3.50
863,Sarg-48,3,Puerto Morelos,PM,Sflu III,01/10/2018,Oct,2018,MG,473.31,166.35,82625.96,17436.41,4.20,2.10,18264.37,5294.76,79.16,0.80,332.88,1.40,52.84,13443.26,1775.06,1869.12,10.67,27.54,2.10,3.50
864,Sarg-49,3,Puerto Morelos,PM,Snat I,27/09/2018,Sep,2018,MG,99.00,64.97,60818.57,13912.96,4.20,2.10,11955.25,10791.35,122.19,0.80,306.22,1.40,35.23,12013.40,1468.00,2011.24,8.93,44.83,2.10,3.50
865,Sarg-49,3,Puerto Morelos,PM,Snat I,27/09/2018,Sep,2018,MG,262.91,64.99,57622.17,13042.69,4.20,2.10,11363.45,9217.11,121.31,0.80,292.21,1.40,38.04,11767.75,1388.87,2038.76,8.55,42.73,2.10,3.50
866,Sarg-49,3,Puerto Morelos,PM,Snat I,27/09/2018,Sep,2018,MG,99.00,63.22,52749.04,13511.23,4.20,2.10,11875.36,2061.60,105.42,0.80,297.85,1.40,40.32,11930.37,1311.16,2002.71,9.65,47.63,2.10,3.50
867,Sarg-49,3,Puerto Morelos,PM,Snat I,27/09/2018,Sep,2018,MG,231.37,60.89,49629.43,12837.29,4.20,2.10,11206.75,2061.60,114.29,0.80,286.62,1.40,37.16,11281.10,1377.60,1912.19,10.89,49.69,2.10,3.50
868,Sarg-49,3,Puerto Morelos,PM,Snat I,27/09/2018,Sep,2018,MG,362.58,63.98,58229.85,13207.85,4.20,2.10,11652.07,1961.30,144.04,0.80,302.51,1.40,37.41,12184.00,1435.91,2051.10,9.95,46.85,3.27,3.50
869,Sarg-05,7,Xahuayxol,Xa,Snat I,06/04/2019,Apr,2019,NCT,306.10,41.06,139403.70,712.43,4.20,2.10,1779.26,9679.46,83.56,0.80,339.08,1.40,42.71,9795.92,2213.28,2344.89,11.63,38.59,2.10,7.41
870,Sarg-05,7,Xahuayxol,Xa,Snat I,06/04/2019,Apr,2019,NCT,142.53,41.31,123608.63,774.01,4.20,2.10,1989.73,4977.16,112.03,0.80,337.86,1.40,44.79,11536.17,2335.52,2360.27,12.78,39.77,6.68,13.76
871,Sarg-05,7,Xahuayxol,Xa,Snat I,06/04/2019,Apr,2019,NCT,177.03,45.30,105545.15,1072.89,10.53,2.10,2885.97,2261.95,119.52,0.80,368.47,1.40,52.83,15890.29,2473.19,2457.03,11.84,37.42,7.57,11.38
872,Sarg-05,7,Xahuayxol,Xa,Snat I,06/04/2019,Apr,2019,NCT,340.69,39.37,144909.89,707.85,4.20,2.10,1843.95,7520.40,91.10,0.80,341.21,1.40,43.01,9768.08,2168.60,2313.33,11.24,36.58,4.49,8.96
873,Sarg-05,7,Xahuayxol,Xa,Snat I,06/04/2019,Apr,2019,NCT,177.11,37.73,106239.46,746.96,4.20,2.10,1990.52,8530.49,94.19,0.80,312.65,1.40,37.19,11122.20,2072.19,1956.78,9.20,37.35,2.10,13.71
874,Sarg-50,2,Blue Waters,BW,Snat I,22/08/2018,Aug,2018,MG,99.00,45.85,85845.06,2062.92,349.90,2.10,6739.00,10193.85,106.44,0.80,330.47,1.40,69.65,12428.24,2134.75,2188.86,16.40,39.12,2.10,17.78
875,Sarg-50,2,Blue Waters,BW,Snat I,22/08/2018,Aug,2018,MG,99.00,44.20,64520.89,2003.69,375.09,2.10,6839.75,2061.60,112.88,0.80,291.01,1.40,58.08,12920.26,1962.28,1933.83,14.82,46.80,4.33,16.27
876,Sarg-50,2,Blue Waters,BW,Snat I,22/08/2018,Aug,2018,MG,99.00,44.06,77652.18,1932.91,332.81,2.10,6602.71,2061.60,104.98,0.80,323.12,1.40,62.94,12172.50,1987.92,2167.72,16.58,47.95,2.10,15.32
877,Sarg-50,2,Blue Waters,BW,Snat I,22/08/2018,Aug,2018,MG,219.70,47.75,89860.21,1748.25,330.77,2.10,6461.43,1622.43,115.17,0.80,341.70,1.40,68.11,12554.92,2129.69,2198.34,15.57,41.64,4.07,13.94
878,Sarg-50,2,Blue Waters,BW,Snat I,22/08/2018,Aug,2018,MG,251.78,41.25,61177.63,1889.81,332.36,2.10,6685.29,7497.68,87.87,0.80,290.55,1.40,54.91,11975.07,1745.47,1800.13,14.33,46.29,2.10,14.40
883,Sarg-51,3,Puerto Morelos,PM,Snat VIII,24/08/2018,Aug,2018,MG,99.00,87.78,28536.01,29985.04,4.20,2.10,24781.15,6989.62,71.78,0.80,299.66,1.40,61.61,14623.84,1098.99,1846.22,9.00,28.60,2.10,3.50
884,Sarg-51,3,Puerto Morelos,PM,Snat VIII,24/08/2018,Aug,2018,MG,99.00,71.42,22265.72,33819.16,4.20,2.10,26485.80,7798.01,56.43,0.80,265.73,1.40,57.90,11988.79,609.62,1591.35,8.96,31.05,2.10,3.50
885,Sarg-51,3,Puerto Morelos,PM,Snat VIII,24/08/2018,Aug,2018,MG,99.00,88.26,29883.43,32478.59,4.20,2.10,27624.31,4225.56,68.32,0.80,295.44,1.40,60.05,13920.93,1061.76,1844.98,11.10,31.50,2.10,3.50
886,Sarg-51,3,Puerto Morelos,PM,Snat VIII,24/08/2018,Aug,2018,MG,356.15,75.22,24227.43,31484.94,4.20,2.10,25726.32,2061.60,77.58,0.80,288.22,1.40,60.95,13274.80,992.31,1662.02,10.02,32.10,2.10,3.50
887,Sarg-51,3,Puerto Morelos,PM,Snat VIII,24/08/2018,Aug,2018,MG,99.00,84.86,35462.29,32085.96,4.20,2.10,26993.15,5570.85,66.71,0.80,299.12,1.40,63.72,13921.34,1154.65,1793.21,8.55,28.54,2.10,3.50
888,Sarg-52,3,Puerto Morelos,PM,Sflu III,27/09/2018,Sep,2018,MG,214.92,136.50,68259.36,22350.13,4.20,2.10,23241.35,8890.50,88.73,0.80,350.69,1.40,49.58,15248.64,1787.67,2252.88,9.59,24.51,2.10,3.50
889,Sarg-52,3,Puerto Morelos,PM,Sflu III,27/09/2018,Sep,2018,MG,99.00,113.60,59409.82,18938.07,4.20,2.10,19606.87,2061.60,49.85,0.80,307.16,1.40,46.70,12986.86,1766.81,1773.66,7.68,28.82,2.10,3.50
890,Sarg-52,3,Puerto Morelos,PM,Sflu III,27/09/2018,Sep,2018,MG,369.41,126.05,72571.22,21103.06,4.20,2.10,20888.72,6634.91,77.98,0.80,333.85,1.40,56.71,13701.31,1701.60,2014.28,8.42,23.03,2.10,3.50
891,Sarg-52,3,Puerto Morelos,PM,Sflu III,27/09/2018,Sep,2018,MG,99.00,139.56,55566.06,24347.21,4.20,2.10,25480.22,3578.45,88.84,0.80,336.40,1.40,56.63,14602.26,1653.04,2098.81,9.47,25.61,2.10,3.50
892,Sarg-52,3,Puerto Morelos,PM,Sflu III,27/09/2018,Sep,2018,MG,441.14,131.20,74041.51,24006.20,4.20,2.10,23986.78,3698.28,73.92,0.80,346.52,1.40,53.31,14362.66,1799.32,2202.35,8.21,24.72,2.10,3.50
893,Sarg-53,3,Puerto Morelos,PM,Snat VIII,27/09/2018,Sep,2018,MG,99.00,125.69,32257.83,30242.68,4.20,2.10,24923.90,3732.28,86.23,0.80,300.48,1.40,63.41,13257.83,1074.03,1801.62,9.45,27.43,2.10,3.50
894,Sarg-53,3,Puerto Morelos,PM,Snat VIII,27/09/2018,Sep,2018,MG,99.00,123.20,43636.74,30543.36,4.20,2.10,23398.14,8013.25,81.59,0.80,308.76,1.40,56.68,13990.93,1027.81,1844.88,9.14,26.04,2.10,3.50
895,Sarg-53,3,Puerto Morelos,PM,Snat VIII,27/09/2018,Sep,2018,MG,350.53,97.06,23690.60,29690.01,4.20,2.10,23572.10,4402.64,88.38,0.80,286.19,1.40,53.37,13399.64,855.50,1726.08,7.50,32.10,2.10,3.50
896,Sarg-53,3,Puerto Morelos,PM,Snat VIII,27/09/2018,Sep,2018,MG,99.00,127.89,38021.17,31333.98,4.20,2.10,25979.76,7106.54,74.30,0.80,299.16,1.40,54.79,13892.67,883.70,1855.87,7.73,26.28,2.10,3.50
897,Sarg-53,3,Puerto Morelos,PM,Snat VIII,27/09/2018,Sep,2018,MG,99.00,121.14,38726.31,31713.42,4.20,2.10,26744.46,9172.97,72.86,0.80,306.49,1.40,59.27,12080.39,758.33,1806.88,8.78,28.21,2.10,3.50
898,Sarg-54,3,Puerto Morelos,PM,Sflu III,27/08/2018,Aug,2018,MG,258.65,117.44,39669.10,40514.76,4.20,2.10,35002.79,2061.60,61.06,0.80,308.42,1.40,74.22,12818.55,832.36,1709.30,10.28,18.62,2.10,3.50
899,Sarg-54,3,Puerto Morelos,PM,Sflu III,27/08/2018,Aug,2018,MG,376.44,128.84,46598.51,38564.16,4.20,2.10,34326.22,9810.70,70.72,0.80,337.25,1.40,74.04,13735.53,926.60,1638.27,9.87,14.66,2.10,3.50
900,Sarg-54,3,Puerto Morelos,PM,Sflu III,27/08/2018,Aug,2018,MG,99.00,122.84,47101.56,35040.15,4.20,2.10,31949.75,5483.23,57.10,0.80,313.07,1.40,73.28,12703.98,959.44,1623.49,10.47,18.70,2.10,3.50
901,Sarg-54,3,Puerto Morelos,PM,Sflu III,27/08/2018,Aug,2018,MG,99.00,120.84,45433.02,38023.07,4.20,2.10,33596.11,2061.60,60.61,0.80,329.88,1.40,71.65,13107.68,906.25,1666.05,10.38,15.95,2.10,3.50
902,Sarg-54,3,Puerto Morelos,PM,Sflu III,27/08/2018,Aug,2018,MG,99.00,137.11,48599.74,37138.09,4.20,2.10,33874.00,6460.75,64.51,0.80,326.83,1.40,71.89,13880.29,1120.65,1647.11,8.84,15.35,2.10,3.50
903,Sarg-55,3,Puerto Morelos,PM,Snat VIII,08/02/2019,Feb,2019,MG,99.00,140.53,43289.38,39648.40,4.20,2.10,34438.96,9260.54,56.13,0.80,367.23,1.40,79.64,12935.60,807.70,1812.42,12.53,20.08,2.10,3.50
904,Sarg-55,3,Puerto Morelos,PM,Snat VIII,08/02/2019,Feb,2019,MG,99.00,150.11,47628.31,39377.25,4.20,2.10,33652.37,6882.76,52.36,0.80,345.17,1.40,75.79,13066.10,948.13,1762.26,9.26,21.67,3.96,3.50
905,Sarg-55,3,Puerto Morelos,PM,Snat VIII,08/02/2019,Feb,2019,MG,99.00,126.54,25895.12,43976.53,4.20,2.10,39051.85,2061.60,40.32,0.80,347.19,1.40,77.81,14102.93,815.02,1809.67,10.73,19.08,2.10,3.50
906,Sarg-55,3,Puerto Morelos,PM,Snat VIII,08/02/2019,Feb,2019,MG,224.29,134.87,35254.69,41574.66,4.20,2.10,36207.74,3324.16,53.43,0.80,350.18,1.40,76.97,13224.24,828.31,1790.98,10.73,19.90,2.10,3.50
907,Sarg-55,3,Puerto Morelos,PM,Snat VIII,08/02/2019,Feb,2019,MG,99.00,160.00,53581.86,38911.99,4.20,2.10,33169.67,7316.04,57.96,0.80,357.19,1.40,73.36,12946.69,985.61,1759.15,10.65,22.48,4.92,3.50
912,Sarg-56,3,Puerto Morelos,PM,Sflu III,14/12/2018,Dec,2018,MG,225.41,95.71,122803.69,25299.54,4.20,2.10,23460.39,6424.50,76.59,0.80,414.39,1.40,70.15,12840.91,1715.75,1848.55,10.19,10.74,2.10,3.50
913,Sarg-56,3,Puerto Morelos,PM,Sflu III,14/12/2018,Dec,2018,MG,310.80,90.77,115259.47,25600.08,4.20,2.10,23778.02,4578.01,62.99,0.80,388.47,1.40,66.01,12861.41,1602.38,1734.36,10.38,15.18,2.10,3.50
914,Sarg-56,3,Puerto Morelos,PM,Sflu III,14/12/2018,Dec,2018,MG,99.00,97.52,122163.79,24835.93,4.20,2.10,23432.20,3547.20,69.25,0.80,405.30,1.40,72.72,12940.34,1690.93,1830.29,10.25,10.00,2.10,3.50
915,Sarg-56,3,Puerto Morelos,PM,Sflu III,14/12/2018,Dec,2018,MG,99.00,88.43,108762.83,27195.87,4.20,2.10,25464.93,3800.76,61.93,0.80,389.40,1.40,75.77,12943.49,1551.96,1861.91,11.30,14.63,2.10,3.50
916,Sarg-56,3,Puerto Morelos,PM,Sflu III,14/12/2018,Dec,2018,MG,279.69,92.59,115220.67,25889.25,4.20,2.10,24289.57,8583.45,74.40,0.80,401.37,1.40,67.37,13204.85,1548.81,1783.32,10.19,15.40,2.10,3.50
917,Sarg-57,3,Puerto Morelos,PM,Snat I,14/12/2018,Dec,2018,MG,99.00,86.81,79522.40,30071.55,4.20,2.10,26724.15,2061.60,130.20,0.80,335.79,1.40,54.20,14466.60,1395.53,1697.22,6.44,18.53,2.10,3.50
918,Sarg-57,3,Puerto Morelos,PM,Snat I,14/12/2018,Dec,2018,MG,99.00,81.00,58724.34,32671.20,4.20,2.10,27079.61,15034.46,104.63,0.80,300.35,1.40,45.45,13902.80,1072.42,1479.33,6.56,22.45,2.10,3.50
919,Sarg-57,3,Puerto Morelos,PM,Snat I,14/12/2018,Dec,2018,MG,343.89,87.80,74102.30,32144.08,4.20,2.10,28177.29,11420.60,140.53,0.80,332.97,1.40,51.30,14966.57,1206.66,1695.03,6.41,18.62,2.10,3.50
920,Sarg-57,3,Puerto Morelos,PM,Snat I,14/12/2018,Dec,2018,MG,363.24,90.46,77220.03,32493.74,4.20,2.10,27461.06,10148.28,134.66,0.80,347.65,1.40,50.22,13672.18,1196.21,1674.13,8.39,20.54,2.10,3.50
921,Sarg-57,3,Puerto Morelos,PM,Snat I,14/12/2018,Dec,2018,MG,99.00,92.12,66575.61,34923.95,4.20,2.10,29888.26,8152.28,148.58,0.80,335.78,1.40,52.84,15397.61,1267.17,1681.21,7.16,19.18,3.95,3.50
922,Sarg-58,3,Puerto Morelos,PM,Sflu III,20/02/2019,Feb,2019,MG,273.70,149.09,102013.52,36620.69,4.20,2.10,32816.83,8731.64,53.49,0.80,301.72,1.40,65.14,16564.91,1584.77,1636.84,9.71,12.24,4.51,3.50
923,Sarg-58,3,Puerto Morelos,PM,Sflu III,20/02/2019,Feb,2019,MG,492.15,149.43,79818.77,40483.75,4.20,2.10,37345.30,18860.70,53.62,0.80,298.99,1.40,71.50,18639.43,1371.94,1697.01,11.90,12.32,4.58,3.50
924,Sarg-58,3,Puerto Morelos,PM,Sflu III,20/02/2019,Feb,2019,MG,271.21,152.03,98858.00,37116.66,4.20,2.10,32705.69,12344.61,41.09,0.80,296.98,1.40,65.74,17450.08,1493.40,1650.75,11.15,14.28,6.17,3.50
925,Sarg-58,3,Puerto Morelos,PM,Sflu III,20/02/2019,Feb,2019,MG,261.67,156.14,72805.87,42139.40,4.20,2.10,38594.15,7769.07,55.40,0.80,301.42,1.40,72.96,19896.99,1316.05,1641.29,11.04,13.76,4.48,3.50
926,Sarg-58,3,Puerto Morelos,PM,Sflu III,20/02/2019,Feb,2019,MG,345.79,131.05,80308.21,34214.98,4.20,2.10,31936.52,10311.33,52.88,0.80,294.09,1.40,64.15,16794.54,1431.51,1503.72,10.28,16.78,4.26,3.50
927,Sarg-59,3,Puerto Morelos,PM,Snat I,20/02/2019,Feb,2019,MG,99.00,130.65,99636.71,30199.88,4.20,2.10,30373.73,6352.28,106.26,0.80,343.16,1.40,51.83,15230.40,1575.35,1697.02,7.85,15.98,4.20,3.50
928,Sarg-59,3,Puerto Morelos,PM,Snat I,20/02/2019,Feb,2019,MG,393.76,112.72,64191.63,34786.98,4.20,2.10,31751.18,10595.47,69.54,0.80,276.04,1.40,45.10,14514.54,1033.31,1452.25,6.21,22.26,3.34,3.50
929,Sarg-59,3,Puerto Morelos,PM,Snat I,20/02/2019,Feb,2019,MG,99.00,115.33,86278.39,33599.39,4.20,2.10,31913.25,8198.32,75.34,0.80,317.34,1.40,53.04,15993.13,1356.10,1705.87,6.09,16.07,2.10,3.50
930,Sarg-59,3,Puerto Morelos,PM,Snat I,20/02/2019,Feb,2019,MG,212.82,118.43,84410.76,30455.00,4.20,2.10,29944.69,8150.51,70.40,0.80,316.46,1.40,48.09,14936.33,1300.88,1617.04,7.32,19.06,2.10,3.50
931,Sarg-59,3,Puerto Morelos,PM,Snat I,20/02/2019,Feb,2019,MG,99.00,129.72,110479.95,30880.84,4.20,2.10,29076.49,7593.29,94.67,0.80,334.41,1.40,50.71,14195.82,1648.80,1703.05,5.52,14.41,2.10,3.50
932,Sarg-06,7,Xahuayxol,Xa,Sflu III,02/05/2019,May,2019,NCT,311.27,105.44,60005.39,22329.59,4.20,2.10,20944.12,2061.60,67.70,0.80,342.27,1.40,56.35,13875.62,1570.29,1878.27,9.83,24.78,5.80,3.50
933,Sarg-06,7,Xahuayxol,Xa,Sflu III,02/05/2019,May,2019,NCT,99.00,111.81,46414.61,25946.13,4.20,2.10,23940.90,9979.85,63.09,0.80,348.45,1.40,52.37,14434.01,1151.74,1864.41,8.12,30.16,2.10,3.50
934,Sarg-06,7,Xahuayxol,Xa,Sflu III,02/05/2019,May,2019,NCT,99.00,103.66,52167.67,22109.01,4.20,2.10,21847.85,2061.60,67.37,0.80,334.41,1.40,54.89,14156.97,1466.60,1918.98,8.21,29.88,5.85,3.50
935,Sarg-06,7,Xahuayxol,Xa,Sflu III,02/05/2019,May,2019,NCT,538.60,109.76,48307.99,23928.49,4.20,2.10,23437.53,10156.01,56.29,0.80,355.27,1.40,54.09,15171.41,1385.19,1858.38,8.91,24.90,2.10,3.50
936,Sarg-06,7,Xahuayxol,Xa,Sflu III,02/05/2019,May,2019,NCT,99.00,109.83,58220.24,24433.16,4.20,2.10,22698.61,9350.75,55.13,0.80,368.95,1.40,58.37,14079.14,1402.62,1882.18,10.37,24.83,4.94,3.50
941,Sarg-61,3,Puerto Morelos,PM,Sflu III,27/04/2019,Apr,2019,MG,445.20,185.43,61092.21,55097.09,4.20,2.10,36910.89,6548.32,58.83,0.80,270.71,1.40,83.45,17088.47,920.70,1781.55,10.62,11.76,2.10,3.50
942,Sarg-61,3,Puerto Morelos,PM,Sflu III,27/04/2019,Apr,2019,MG,99.00,169.77,64006.92,42264.33,4.20,2.10,33346.05,8977.21,48.66,0.80,297.54,1.40,82.31,20123.31,1082.11,1641.43,12.53,17.03,2.10,3.50
943,Sarg-61,3,Puerto Morelos,PM,Sflu III,27/04/2019,Apr,2019,MG,99.00,193.68,81806.88,41666.55,4.20,2.10,32294.15,12565.88,62.50,0.80,299.18,1.40,81.90,18608.80,1485.83,1806.99,11.52,9.48,2.10,3.50
944,Sarg-61,3,Puerto Morelos,PM,Sflu III,27/04/2019,Apr,2019,MG,99.00,172.34,61825.11,46813.03,4.20,2.10,33732.24,2061.60,44.41,0.80,310.35,1.40,89.74,19536.03,1298.82,1744.39,12.96,17.31,2.10,3.50
945,Sarg-61,3,Puerto Morelos,PM,Sflu III,27/04/2019,Apr,2019,MG,273.47,167.75,59339.02,42219.32,4.20,2.10,32617.94,2061.60,56.32,0.80,311.99,1.40,80.19,20705.53,1044.71,1589.71,10.20,15.61,2.10,3.50
946,Sarg-62,4,Cozumel,Co,Sflu III,01/05/2019,May,2019,MG,447.69,120.06,43615.64,46502.07,4.20,2.10,44737.16,3709.42,41.41,0.80,305.20,1.40,102.39,24902.03,1236.51,1699.11,14.12,10.05,2.10,3.50
947,Sarg-62,4,Cozumel,Co,Sflu III,01/05/2019,May,2019,MG,426.79,115.61,39141.44,46211.86,4.20,2.10,43087.54,6361.47,49.14,0.80,315.05,1.40,102.65,24699.73,1292.37,1717.82,14.19,11.59,4.05,3.50
948,Sarg-62,4,Cozumel,Co,Sflu III,01/05/2019,May,2019,MG,99.00,120.25,55172.45,45720.84,4.20,2.10,43434.14,16911.26,54.87,0.80,311.63,1.40,93.26,24772.75,1262.60,1668.77,11.34,10.59,4.88,3.50
949,Sarg-62,4,Cozumel,Co,Sflu III,01/05/2019,May,2019,MG,327.30,120.21,49215.97,48891.54,4.20,2.10,44279.94,16393.64,54.75,0.80,315.48,1.40,101.96,23836.71,1287.88,1691.78,12.17,10.12,4.36,3.50
950,Sarg-62,4,Cozumel,Co,Sflu III,01/05/2019,May,2019,MG,99.00,122.25,48128.66,47281.69,4.20,2.10,45129.39,6204.88,50.49,0.80,301.14,1.40,99.56,24878.06,1503.63,1701.46,13.46,11.20,2.10,3.50
951,Sarg-63,4,Cozumel,Co,Snat VIII,01/05/2019,May,2019,MG,326.63,145.48,27635.87,52385.96,4.20,2.10,46002.07,12717.27,39.86,0.80,286.81,1.40,88.53,19931.95,723.45,1670.95,11.24,14.92,3.60,3.50
952,Sarg-63,4,Cozumel,Co,Snat VIII,01/05/2019,May,2019,MG,99.00,138.82,30194.80,53100.93,4.20,2.10,46210.96,2061.60,47.78,0.80,294.96,1.40,86.21,19226.75,745.54,1633.29,11.01,17.38,3.67,3.50
953,Sarg-63,4,Cozumel,Co,Snat VIII,01/05/2019,May,2019,MG,330.67,145.67,28179.28,53852.97,4.20,2.10,46288.77,2061.60,42.59,0.80,286.91,1.40,87.69,19896.99,827.79,1621.61,11.18,17.54,2.10,3.50
954,Sarg-63,4,Cozumel,Co,Snat VIII,01/05/2019,May,2019,MG,446.15,119.64,24501.78,50557.44,4.20,2.10,43813.85,5453.51,36.90,0.80,281.32,1.40,82.56,18850.18,675.67,1534.06,10.17,18.47,3.61,9.95
955,Sarg-63,4,Cozumel,Co,Snat VIII,01/05/2019,May,2019,MG,99.00,138.73,29841.47,53175.59,4.20,2.10,45281.98,9764.06,35.73,0.80,292.92,1.40,88.52,19499.94,855.54,1632.66,12.11,14.86,4.08,3.50
956,Sarg-64,2,RBCM,RBCM,Sflu III,22/08/2018,Aug,2018,MG,338.75,46.63,54549.98,3741.35,540.01,2.10,8995.95,3744.64,111.71,0.80,228.56,1.40,72.29,20154.42,2426.88,2376.88,18.11,47.96,8.12,17.22
957,Sarg-64,2,RBCM,RBCM,Sflu III,22/08/2018,Aug,2018,MG,412.50,42.83,54086.77,3414.14,488.10,2.10,8635.48,5330.81,86.99,0.80,214.81,1.40,67.72,20600.60,2406.53,2465.23,17.57,54.10,2.10,17.41
958,Sarg-64,2,RBCM,RBCM,Sflu III,22/08/2018,Aug,2018,MG,388.97,48.49,55057.73,2578.63,551.69,2.10,8765.82,6872.28,112.81,0.80,235.93,1.40,71.02,20293.88,2432.47,2349.66,16.17,46.68,6.74,18.74
959,Sarg-64,2,RBCM,RBCM,Sflu III,22/08/2018,Aug,2018,MG,216.28,45.85,57625.08,2521.32,476.42,2.10,8528.37,10860.75,115.94,0.80,229.92,1.40,70.56,19426.40,2588.79,2394.71,16.56,49.18,4.83,15.72
960,Sarg-64,2,RBCM,RBCM,Sflu III,22/08/2018,Aug,2018,MG,286.01,44.82,54329.21,3399.71,570.35,2.10,8777.92,10070.63,103.43,0.80,218.99,1.40,71.70,20648.22,2820.38,2400.51,16.49,47.67,7.06,19.60
961,Sarg-66,1,Contoy Is,CI,Sarg sp,17/03/2019,Mar,2019,MG,246.62,48.02,111677.00,23264.44,4.20,2.10,12747.80,9849.57,57.23,0.80,356.02,1.40,45.45,15255.00,1988.04,1766.58,7.11,15.26,2.10,3.50
962,Sarg-66,1,Contoy Is,CI,Sarg sp,17/03/2019,Mar,2019,MG,652.67,46.42,104656.84,22004.09,4.20,2.10,12589.67,10800.16,42.34,0.80,351.75,1.40,45.99,15542.67,1921.15,1726.98,7.26,17.77,2.10,3.50
963,Sarg-66,1,Contoy Is,CI,Sarg sp,17/03/2019,Mar,2019,MG,443.20,44.92,107496.86,20923.59,4.20,2.10,11740.97,2809.45,57.75,0.80,342.69,1.40,44.04,14794.78,1966.66,1674.11,6.62,20.17,2.10,3.50
964,Sarg-66,1,Contoy Is,CI,Sarg sp,17/03/2019,Mar,2019,MG,299.99,45.37,115236.24,20569.21,4.20,2.10,11549.67,11620.69,52.78,0.80,355.08,1.40,42.96,14464.78,2060.56,1699.73,7.94,17.00,2.10,3.50
965,Sarg-66,1,Contoy Is,CI,Sarg sp,17/03/2019,Mar,2019,MG,244.76,46.50,114083.73,21656.47,4.20,2.10,12020.51,15881.53,48.63,0.80,351.17,1.40,42.21,14896.67,2000.59,1710.71,8.31,17.55,4.35,3.50
968,Sarg-67,4,Cozumel,Co,Snat I,01/05/2019,May,2019,MG,99.00,124.79,71166.82,39399.21,4.20,2.10,39642.06,11696.03,62.57,0.80,310.76,1.40,64.39,19707.63,1234.30,1604.80,7.10,11.44,2.10,3.50
969,Sarg-67,4,Cozumel,Co,Snat I,01/05/2019,May,2019,MG,341.93,116.26,59547.44,42667.61,4.20,2.10,41339.05,5096.98,53.42,0.80,304.70,1.40,69.27,19358.65,1274.83,1658.62,7.25,14.98,2.10,3.50
970,Sarg-67,4,Cozumel,Co,Snat I,01/05/2019,May,2019,MG,453.56,124.55,69130.32,40399.99,4.20,2.10,39487.40,16232.38,56.20,0.80,298.62,1.40,64.77,18187.43,1352.52,1583.08,6.53,12.43,2.10,3.50
971,Sarg-67,4,Cozumel,Co,Snat I,01/05/2019,May,2019,MG,321.72,120.14,59838.29,42103.51,4.20,2.10,40983.21,4968.74,58.70,0.80,294.27,1.40,67.88,19576.41,1177.55,1653.50,7.13,17.00,3.83,3.50
972,Sarg-67,4,Cozumel,Co,Snat I,01/05/2019,May,2019,MG,366.20,121.60,66391.73,39752.71,4.20,2.10,39339.40,6436.92,62.10,0.80,312.35,1.40,67.30,18888.89,1308.12,1604.65,6.84,11.38,4.22,3.50
973,Sarg-68,4,Cozumel,Co,Snat VIII,06/12/2018,Dec,2018,MG,307.44,23.34,69798.08,2283.01,121.78,2.10,4902.03,9314.03,142.32,0.80,296.46,1.40,52.68,19665.46,2343.63,2362.19,12.74,44.55,5.86,10.51
974,Sarg-68,4,Cozumel,Co,Snat VIII,06/12/2018,Dec,2018,MG,419.77,18.76,55060.75,2215.64,87.24,2.10,4233.86,10252.26,114.70,0.80,239.75,1.40,37.68,16687.10,1819.28,1971.47,10.68,51.75,4.70,4.97
975,Sarg-68,4,Cozumel,Co,Snat VIII,06/12/2018,Dec,2018,MG,142.90,23.95,66681.61,2132.61,108.94,2.10,4972.27,4714.06,129.21,0.80,272.23,1.40,54.38,18873.16,2135.39,2430.25,13.46,50.50,4.92,6.90
976,Sarg-68,4,Cozumel,Co,Snat VIII,06/12/2018,Dec,2018,MG,302.73,24.62,87835.98,2851.57,139.97,2.10,4798.73,10400.33,140.10,3.57,307.04,1.40,58.17,18662.45,2412.69,2227.71,13.05,35.56,6.94,11.57
977,Sarg-68,4,Cozumel,Co,Snat VIII,06/12/2018,Dec,2018,MG,335.67,24.16,70035.64,2278.49,113.33,2.10,4988.52,9459.26,134.97,0.80,297.59,1.40,53.00,19713.22,2102.33,2382.81,14.24,43.94,5.54,13.82
978,Sarg-69,1,Contoy Is,CI,Sarg sp,18/03/2019,Mar,2019,MG,99.00,143.10,54113.15,27316.44,4.20,2.10,31978.39,5034.89,83.58,0.80,267.06,1.40,47.12,20014.38,1394.36,1873.44,7.26,20.53,4.56,3.50
979,Sarg-69,1,Contoy Is,CI,Sarg sp,18/03/2019,Mar,2019,MG,513.66,128.18,43970.50,25064.23,4.20,2.10,29511.33,4477.39,69.83,0.80,255.36,1.40,41.86,17663.02,1160.55,1596.61,5.78,26.83,2.10,3.50
980,Sarg-69,1,Contoy Is,CI,Sarg sp,18/03/2019,Mar,2019,MG,367.84,125.29,43798.69,23434.84,4.20,2.10,27537.66,11723.39,62.31,0.80,246.96,1.40,40.65,17260.14,1353.21,1457.46,5.45,26.25,2.10,3.50
981,Sarg-69,1,Contoy Is,CI,Sarg sp,18/03/2019,Mar,2019,MG,537.09,150.42,75923.01,25780.82,4.20,2.10,28023.22,11661.90,59.73,0.80,307.58,1.40,48.97,17952.24,1712.55,1743.66,5.58,16.46,4.02,3.50
982,Sarg-69,1,Contoy Is,CI,Sarg sp,18/03/2019,Mar,2019,MG,488.66,149.56,61080.24,26456.83,4.20,2.10,30498.24,9072.89,73.08,0.80,289.38,1.40,48.44,18260.54,1428.12,1759.84,5.24,23.95,2.10,3.50
983,Sarg-07,7,Xahuayxol,Xa,Snat I,02/05/2019,May,2019,NCT,309.22,80.39,125460.41,19684.33,4.20,2.10,17134.73,2061.60,49.79,0.80,361.85,1.40,41.74,10470.07,1885.40,1737.74,5.96,13.41,2.10,3.50
984,Sarg-07,7,Xahuayxol,Xa,Snat I,02/05/2019,May,2019,NCT,249.03,80.01,127611.85,19572.77,4.20,2.10,16644.96,10438.08,52.27,0.80,360.65,1.40,43.29,10655.18,1778.56,1700.23,6.27,13.04,2.10,3.50
985,Sarg-07,7,Xahuayxol,Xa,Snat I,02/05/2019,May,2019,NCT,99.00,78.79,143328.99,18029.30,4.20,2.10,15414.34,3338.98,55.71,0.80,355.08,1.40,41.05,9825.41,1691.96,1727.26,6.02,13.09,4.99,3.50
986,Sarg-07,7,Xahuayxol,Xa,Snat I,02/05/2019,May,2019,NCT,492.21,74.82,140497.56,17728.04,4.20,2.10,15080.48,9737.81,44.95,0.80,350.64,1.40,40.68,9690.96,1633.44,1728.38,4.67,17.39,2.10,3.50
987,Sarg-07,7,Xahuayxol,Xa,Snat I,02/05/2019,May,2019,NCT,99.00,85.77,110654.62,22585.43,4.20,2.10,19575.18,6889.57,75.23,0.80,370.35,1.40,45.52,11908.91,1684.11,1753.87,5.49,13.53,2.10,3.50
988,Sarg-72,3,Puerto Morelos,PM,Snat VIII,27/04/2019,Apr,2019,MG,99.00,131.58,24813.26,50012.72,4.20,2.10,36828.89,10147.61,47.55,0.80,230.71,1.40,74.18,17184.29,486.52,1905.10,9.33,25.18,2.10,3.50
989,Sarg-72,3,Puerto Morelos,PM,Snat VIII,27/04/2019,Apr,2019,MG,443.90,111.01,20322.88,51724.58,4.20,2.10,35491.24,13087.39,45.91,0.80,206.61,1.40,65.94,16430.72,446.96,1727.65,8.10,30.16,2.10,3.50
990,Sarg-72,3,Puerto Morelos,PM,Snat VIII,27/04/2019,Apr,2019,MG,99.00,157.01,24584.17,53053.26,4.20,2.10,38921.86,2061.60,60.02,0.80,228.85,1.40,73.24,17404.74,374.19,1785.47,7.65,23.68,2.10,3.50
991,Sarg-72,3,Puerto Morelos,PM,Snat VIII,27/04/2019,Apr,2019,MG,215.57,105.18,21031.34,45647.61,4.20,2.10,31104.37,12461.26,42.22,0.80,216.11,1.40,64.94,16856.60,604.91,1658.00,9.14,31.40,2.10,3.50
992,Sarg-72,3,Puerto Morelos,PM,Snat VIII,27/04/2019,Apr,2019,MG,99.00,151.81,23722.58,51038.88,4.20,2.10,36221.33,9895.30,42.38,0.80,227.52,1.40,75.37,17318.25,363.92,1838.02,10.17,23.65,2.10,3.50
997,Sarg-73,3,Puerto Morelos,PM,Snat VIII,27/03/2019,Mar,2019,MG,99.00,131.47,74822.62,38745.59,4.20,2.10,32656.41,11533.29,63.06,0.80,299.99,1.40,116.40,17439.59,1048.61,2090.42,20.40,17.42,2.10,3.50
998,Sarg-73,3,Puerto Morelos,PM,Snat VIII,27/03/2019,Mar,2019,MG,791.38,113.41,61593.00,38744.74,4.20,2.10,32857.80,14545.89,44.01,0.80,295.65,1.40,122.94,16392.19,933.02,1873.31,19.02,24.74,2.10,3.50
999,Sarg-73,3,Puerto Morelos,PM,Snat VIII,27/03/2019,Mar,2019,MG,275.61,140.29,69831.24,40887.82,4.20,2.10,35130.96,11733.24,40.99,0.80,303.35,1.40,123.42,18207.91,989.14,1918.38,18.86,16.27,5.99,3.50
1000,Sarg-73,3,Puerto Morelos,PM,Snat VIII,27/03/2019,Mar,2019,MG,917.08,131.43,65795.58,37865.30,4.20,2.10,32899.46,13257.80,59.83,0.80,305.87,1.40,119.67,17573.61,1167.78,1949.15,19.91,18.69,4.14,3.50
1002,Sarg-73,3,Puerto Morelos,PM,Snat VIII,27/03/2019,Mar,2019,MG,291.12,134.20,73819.42,40413.06,4.20,2.10,33477.25,11519.76,44.63,0.80,300.18,1.40,116.56,17220.27,1061.90,2122.33,20.03,19.62,2.10,3.50
1001,Sarg-74,3,Puerto Morelos,PM,Snat I,27/03/2019,Mar,2019,MG,99.00,129.22,54142.12,36862.89,4.20,2.10,35404.74,10064.86,70.28,0.80,293.75,1.40,154.52,19976.57,1100.36,1925.63,25.47,13.17,2.10,3.50
1003,Sarg-74,3,Puerto Morelos,PM,Snat I,27/03/2019,Mar,2019,MG,99.00,120.08,48821.65,37167.33,4.20,2.10,34959.76,4578.60,76.20,0.80,290.19,1.40,137.90,17090.97,1048.39,1863.16,23.34,18.35,2.10,3.50
1004,Sarg-74,3,Puerto Morelos,PM,Snat I,27/03/2019,Mar,2019,MG,99.00,134.72,67251.03,33458.89,4.20,2.10,32027.75,4026.42,100.01,0.80,313.42,1.40,151.24,19256.28,1283.40,1908.68,22.94,14.58,5.24,3.50
1005,Sarg-74,3,Puerto Morelos,PM,Snat I,27/03/2019,Mar,2019,MG,99.00,117.99,51406.63,36629.82,4.20,2.10,35007.45,3812.97,76.46,0.80,289.39,1.40,143.14,22049.81,955.14,1850.10,25.13,20.49,2.10,3.50
1006,Sarg-74,3,Puerto Morelos,PM,Snat I,27/03/2019,Mar,2019,MG,501.08,111.81,47759.39,36104.04,4.20,2.10,33728.82,5844.65,82.26,0.80,293.04,1.40,135.62,17808.75,894.92,1755.24,23.36,20.19,2.10,3.50
1007,Sarg-76,3,Puerto Morelos,PM,Snat VIII,01/03/2019,Mar,2019,MG,393.80,78.56,83297.39,27518.50,4.20,2.10,21242.95,3966.19,37.32,0.80,263.69,1.40,44.54,14580.14,1454.24,2184.18,7.88,30.35,2.10,3.50
1008,Sarg-76,3,Puerto Morelos,PM,Snat VIII,01/03/2019,Mar,2019,MG,99.00,85.29,59952.90,31751.63,4.20,2.10,23532.58,3796.05,54.23,0.80,254.13,1.40,49.33,16805.45,1342.42,2109.16,7.70,28.46,2.10,3.50
1009,Sarg-76,3,Puerto Morelos,PM,Snat VIII,01/03/2019,Mar,2019,MG,338.87,85.96,57019.37,31456.21,4.20,2.10,23926.95,12707.27,64.51,0.80,270.81,1.40,48.91,16994.01,1208.01,2160.57,8.46,27.57,2.10,3.50
1010,Sarg-76,3,Puerto Morelos,PM,Snat VIII,01/03/2019,Mar,2019,MG,99.00,77.25,71566.09,27126.34,4.20,2.10,20244.94,13181.66,46.72,0.80,241.07,1.40,45.89,13969.11,1261.85,1894.15,8.00,34.76,2.10,3.50
1011,Sarg-76,3,Puerto Morelos,PM,Snat VIII,01/03/2019,Mar,2019,MG,99.00,79.86,70040.32,27758.88,4.20,2.10,21789.55,4077.11,71.17,0.80,269.58,1.40,47.45,16231.16,1405.42,2158.02,7.82,29.20,2.10,3.50
1012,Sarg-77,3,Puerto Morelos,PM,Snat I,08/02/2019,Feb,2019,MG,99.00,127.93,62813.21,46484.71,4.20,2.10,35437.87,12533.60,92.96,0.80,324.06,1.40,64.77,16536.61,726.04,1768.41,7.08,12.65,3.67,3.50
1013,Sarg-77,3,Puerto Morelos,PM,Snat I,08/02/2019,Feb,2019,MG,488.12,107.27,55872.57,39249.27,4.20,2.10,29596.63,3092.75,71.75,0.80,299.51,1.40,54.55,15756.92,612.19,1505.45,5.31,19.27,2.10,3.50
1014,Sarg-77,3,Puerto Morelos,PM,Snat I,08/02/2019,Feb,2019,MG,355.75,121.20,49586.63,45576.99,4.20,2.10,35652.77,2061.60,106.59,0.80,319.96,1.40,65.84,18048.22,754.13,1783.96,7.68,16.87,2.10,3.50
1015,Sarg-77,3,Puerto Morelos,PM,Snat I,08/02/2019,Feb,2019,MG,99.00,118.12,34462.66,48793.94,4.20,2.10,38199.90,5862.17,95.08,0.80,289.59,1.40,69.93,20601.42,655.41,1732.44,7.25,17.53,2.10,3.50
1016,Sarg-77,3,Puerto Morelos,PM,Snat I,08/02/2019,Feb,2019,MG,99.00,114.43,47403.48,49986.57,4.20,2.10,36817.63,6743.64,89.68,0.80,292.67,1.40,66.56,18969.11,695.56,1819.46,6.20,12.54,2.10,3.50
1021,Sarg-78,3,Puerto Morelos,PM,Snat I,01/03/2019,Mar,2019,MG,249.93,81.21,62033.31,30403.50,4.20,2.10,23819.53,2061.60,74.02,0.80,276.66,1.40,40.91,18088.63,1244.01,1963.25,6.90,21.62,2.10,3.50
1022,Sarg-78,3,Puerto Morelos,PM,Snat I,01/03/2019,Mar,2019,MG,523.03,78.11,68205.08,24143.92,4.20,2.10,20213.32,7470.82,94.67,0.80,274.45,1.40,41.22,16074.74,1500.61,1916.57,5.40,27.69,2.10,3.50
1023,Sarg-78,3,Puerto Morelos,PM,Snat I,01/03/2019,Mar,2019,MG,99.00,79.57,90129.38,22270.64,4.20,2.10,18543.03,5318.49,82.16,0.80,287.96,1.40,39.46,15332.17,1575.21,1913.55,6.72,20.90,2.10,3.50
1024,Sarg-78,3,Puerto Morelos,PM,Snat I,01/03/2019,Mar,2019,MG,99.00,81.57,60641.99,29230.37,4.20,2.10,23827.81,7733.19,72.31,0.80,292.15,1.40,43.33,19286.73,1388.91,1943.95,7.29,21.94,2.10,3.50
1025,Sarg-78,3,Puerto Morelos,PM,Snat I,01/03/2019,Mar,2019,MG,307.42,79.78,79405.46,26927.03,4.20,2.10,21055.21,2061.60,81.75,0.80,294.55,1.40,39.01,17081.56,1535.30,1922.84,5.96,22.23,2.10,3.50
1026,Sarg-79,3,Puerto Morelos,PM,Sflu III,01/03/2019,Mar,2019,MG,99.00,59.59,95911.28,19704.76,4.20,2.10,18684.48,2061.60,88.73,0.80,275.50,1.40,35.84,17275.35,1993.31,1938.78,4.65,17.63,5.14,3.50
1027,Sarg-79,3,Puerto Morelos,PM,Sflu III,01/03/2019,Mar,2019,MG,99.00,36.86,66025.57,14231.73,4.20,2.10,14256.65,5680.98,44.94,0.80,218.51,1.40,22.36,13197.78,1387.21,1228.61,5.10,26.03,3.24,3.50
1028,Sarg-79,3,Puerto Morelos,PM,Sflu III,01/03/2019,Mar,2019,MG,265.33,60.66,100742.12,19131.55,4.20,2.10,18075.63,3113.06,84.87,0.80,280.22,1.40,35.13,16641.30,1925.12,1950.45,6.60,18.99,2.10,3.50
1029,Sarg-79,3,Puerto Morelos,PM,Sflu III,01/03/2019,Mar,2019,MG,343.24,50.26,82224.32,17829.28,4.20,2.10,16715.28,11383.47,70.06,0.80,270.76,1.40,29.97,15519.73,1604.36,1710.50,5.42,27.59,7.80,3.50
1030,Sarg-79,3,Puerto Morelos,PM,Sflu III,01/03/2019,Mar,2019,MG,346.88,56.08,108343.90,17868.98,4.20,2.10,16789.30,10088.69,62.81,0.80,282.84,1.40,32.12,15887.36,1858.41,1909.98,6.96,19.59,5.56,3.50
1031,Sarg-08,8,Xcalak,Xc,Sflu III,03/05/2019,May,2019,NCT,99.00,61.34,94441.67,15983.33,4.20,2.10,13250.18,4085.74,76.02,0.80,361.52,1.40,34.80,13466.14,2027.21,1960.24,5.55,22.37,2.10,3.50
1032,Sarg-08,8,Xcalak,Xc,Sflu III,03/05/2019,May,2019,NCT,99.00,58.38,94833.63,15957.31,4.20,2.10,13230.44,7631.37,69.83,0.80,357.05,1.40,34.25,13488.98,1961.07,1957.94,5.79,21.33,2.10,3.50
1033,Sarg-08,8,Xcalak,Xc,Sflu III,03/05/2019,May,2019,NCT,185.69,59.04,88097.39,15317.70,4.20,2.10,13661.64,12554.72,70.11,0.80,371.89,1.40,32.13,13909.91,1929.42,1969.31,5.06,16.48,2.10,3.50
1034,Sarg-08,8,Xcalak,Xc,Sflu III,03/05/2019,May,2019,NCT,349.29,50.96,78809.85,13810.89,4.20,2.10,10865.65,4131.51,68.80,0.80,315.02,1.40,32.91,12444.49,1511.46,1766.90,6.39,23.73,2.10,3.50
1035,Sarg-08,8,Xcalak,Xc,Sflu III,03/05/2019,May,2019,NCT,99.00,58.83,93416.23,16048.13,4.20,2.10,13144.54,13149.67,65.99,0.80,358.49,1.40,32.31,13368.01,1875.67,1918.04,4.85,21.44,2.10,3.50
1036,Sarg-80,3,Puerto Morelos,PM,Sflu III,08/02/2019,Feb,2019,MG,668.36,144.96,83147.69,34245.33,4.20,2.10,31122.25,7817.77,64.42,0.80,307.82,1.40,72.20,19196.36,1391.65,1753.89,9.60,14.38,5.31,3.50
1037,Sarg-80,3,Puerto Morelos,PM,Sflu III,08/02/2019,Feb,2019,MG,253.43,143.67,73734.18,38270.85,4.20,2.10,34869.30,3785.59,58.09,0.80,306.31,1.40,77.64,20008.48,1292.57,1729.70,8.87,12.56,2.10,3.50
1038,Sarg-80,3,Puerto Morelos,PM,Sflu III,08/02/2019,Feb,2019,MG,389.99,128.39,70287.04,37993.95,4.20,2.10,34016.36,12142.61,59.78,0.80,295.45,1.40,75.59,18448.41,1183.74,1764.74,9.11,13.32,2.10,3.50
1039,Sarg-80,3,Puerto Morelos,PM,Sflu III,08/02/2019,Feb,2019,MG,99.00,138.52,79925.45,35012.62,4.20,2.10,31237.46,8464.37,65.87,0.80,300.60,1.40,78.26,17252.88,1467.73,1726.17,9.44,13.48,2.10,3.50
1040,Sarg-80,3,Puerto Morelos,PM,Sflu III,08/02/2019,Feb,2019,MG,371.60,143.52,75426.05,37110.04,4.20,2.10,33751.69,8224.61,49.36,0.80,293.50,1.40,77.13,18041.78,1309.37,1770.92,10.40,11.83,2.10,3.50
